{
  "final_train_loss": 1.7160044947396154,
  "final_val_loss": 1.8513216856987245,
  "final_perplexity": 6.368230762394561,
  "best_val_loss": 1.8513216856987245,
  "epochs_completed": 20,
  "total_steps": 5520,
  "training_time_sec": 16855.218611240387,
  "data_path": "data",
  "total_examples": 19666,
  "parameters": 6912976,
  "loss_history": {
    "train": [
      1.8751872942067576,
      1.8652708906194437,
      1.8536955753098363,
      1.8437700465969418,
      1.8335978557234225,
      1.824471960897031,
      1.8153984309106632,
      1.8061759648979574,
      1.7981129159098086,
      1.7899702359800753,
      1.7812501775181813,
      1.7746461107247118,
      1.7667088197625203,
      1.7581141133239304,
      1.7505273853523144,
      1.7434829771518707,
      1.7368465566980666,
      1.7284047456755154,
      1.723086872394534,
      1.7160044947396154
    ],
    "val": [
      1.929867148399353,
      1.9220992788191764,
      1.9160425470721336,
      1.9115023651430685,
      1.9051805157815256,
      1.9006476402282715,
      1.8962490673988097,
      1.8913050620786604,
      1.8870959512649044,
      1.8826552168015511,
      1.878606996228618,
      1.8757478921644148,
      1.8723699354356336,
      1.8686815846350886,
      1.865674626442694,
      1.86272781895053,
      1.8596375373102003,
      1.856587036963432,
      1.8540591193783669,
      1.8513216856987245
    ]
  }
}